-0.1787109375,-0.110107421875,1.086669921875,73.79150390625,-39.337158203125,6.7138671875
-0.1575927734375,-0.0975341796875,1.018798828125,74.40185546875,-40.557861328125,-10.68115234375
-0.0797119140625,-0.0946044921875,0.96875,80.657958984375,-34.698486328125,-27.313232421875
-0.0311279296875,0.080810546875,1.058349609375,93.93310546875,-12.786865234375,-25.421142578125
-0.086669921875,0.2783203125,1.302978515625,55.419921875,-24.871826171875,-29.60205078125
-0.064453125,0.2191162109375,1.244873046875,23.345947265625,-49.591064453125,-25.08544921875
0.1187744140625,0.0419921875,1.0316162109375,25.5126953125,-52.459716796875,-32.928466796875
0.0472412109375,0.0013427734375,0.9656982421875,74.27978515625,-38.909912109375,-55.96923828125
-0.0225830078125,0.14208984375,0.9219970703125,105.52978515625,-51.910400390625,-77.08740234375
-0.0772705078125,0.13916015625,0.870849609375,157.623291015625,-73.54736328125,-89.324951171875
0.0003662109375,0.5377197265625,0.804931640625,170.318603515625,-86.456298828125,-101.287841796875
-0.02734375,0.608642578125,0.7132568359375,141.937255859375,-92.529296875,-105.04150390625
0.0020751953125,0.560302734375,0.6307373046875,166.07666015625,-87.7685546875,-113.739013671875
0.0023193359375,0.9168701171875,0.5699462890625,176.544189453125,-78.948974609375,-111.785888671875
0.0009765625,1.0802001953125,0.58203125,116.455078125,-73.73046875,-81.4208984375
0.0623779296875,0.9586181640625,0.5101318359375,72.479248046875,-81.207275390625,-53.131103515625
0.15576171875,0.858642578125,0.4293212890625,61.34033203125,-62.347412109375,-44.189453125
0.1451416015625,0.80126953125,0.3812255859375,72.998046875,-47.7294921875,-39.093017578125
0.017333984375,0.8719482421875,0.44921875,89.05029296875,-42.816162109375,-43.39599609375
0.0576171875,1.01904296875,0.4276123046875,80.047607421875,-49.62158203125,-55.084228515625
0.1651611328125,1.0457763671875,0.27490234375,74.920654296875,-33.75244140625,-57.220458984375
-0.032470703125,0.8956298828125,0.2900390625,85.99853515625,-15.411376953125,-55.35888671875
-0.2564697265625,1.1348876953125,0.351806640625,106.4453125,-33.5693359375,-43.0908203125
-0.05859375,1.3265380859375,0.311767578125,67.32177734375,-45.83740234375,-27.9541015625
0.0091552734375,1.1614990234375,0.1173095703125,39.642333984375,0.67138671875,-10.07080078125
-0.350341796875,1.057861328125,0.345458984375,54.412841796875,0.885009765625,-43.853759765625
-0.48779296875,1.27734375,0.4146728515625,70.49560546875,-15.93017578125,-36.1328125
-0.268798828125,1.4466552734375,0.370361328125,51.727294921875,-32.440185546875,-17.242431640625
-0.3040771484375,1.172607421875,0.242919921875,48.15673828125,-18.280029296875,5.67626953125
-0.478759765625,0.972412109375,0.21484375,77.57568359375,-32.562255859375,-1.617431640625
-0.2716064453125,1.0911865234375,0.135009765625,76.629638671875,-30.426025390625,0.335693359375
-0.4539794921875,1.2088623046875,0.158203125,52.764892578125,-11.993408203125,20.6298828125
-0.5386962890625,0.9368896484375,0.1602783203125,51.239013671875,-22.186279296875,22.8271484375
-0.4169921875,0.91064453125,0.0718994140625,59.38720703125,-38.604736328125,8.7890625
-0.257568359375,0.91796875,0.0521240234375,47.607421875,-25.787353515625,1.03759765625
-0.2216796875,0.9361572265625,0.02392578125,48.187255859375,-14.58740234375,-1.52587890625
-0.3016357421875,0.895751953125,0.0201416015625,48.004150390625,-19.59228515625,2.838134765625
-0.204833984375,0.8699951171875,-0.0513916015625,43.609619140625,-28.9306640625,-7.049560546875
-0.21533203125,0.8118896484375,-0.1019287109375,52.79541015625,-14.6484375,-24.4140625
-0.239013671875,0.8345947265625,-0.1575927734375,81.878662109375,-15.44189453125,-23.8037109375
-0.1737060546875,1.0068359375,-0.0975341796875,72.6318359375,-10.43701171875,-5.340576171875
-0.1337890625,0.9608154296875,-0.1446533203125,45.5322265625,-13.275146484375,6.256103515625
-0.1300048828125,0.8438720703125,-0.2064208984375,37.750244140625,-7.62939453125,1.52587890625
-0.2325439453125,0.850341796875,-0.1448974609375,64.483642578125,-3.631591796875,3.143310546875
-0.2322998046875,1.0689697265625,-0.1800537109375,62.042236328125,-24.017333984375,9.307861328125
-0.0919189453125,1.209228515625,-0.2149658203125,31.005859375,-25.5126953125,39.093017578125
-0.2406005859375,0.9853515625,-0.25341796875,12.969970703125,-2.685546875,46.5087890625
-0.4083251953125,0.892822265625,-0.24365234375,54.0771484375,-8.819580078125,13.336181640625
-0.1805419921875,1.152587890625,-0.272705078125,48.4619140625,-25.20751953125,23.895263671875
0.0211181640625,1.091552734375,-0.2325439453125,-9.33837890625,-22.247314453125,69.39697265625
-0.418212890625,0.60400390625,-0.22607421875,-16.632080078125,-39.031982421875,34.5458984375
-0.2860107421875,0.723876953125,-0.3074951171875,28.900146484375,-50.750732421875,-10.833740234375
-0.0657958984375,1.26904296875,-0.232421875,24.47509765625,-35.2783203125,2.899169921875
0.0023193359375,1.1693115234375,-0.1141357421875,-59.600830078125,-45.745849609375,60.4248046875
-0.6029052734375,0.545166015625,0.00341796875,-13.336181640625,-80.9326171875,18.646240234375
-0.2381591796875,1.1923828125,-0.172119140625,37.4755859375,-60.302734375,-27.03857421875
-0.0045166015625,1.41552734375,-0.0474853515625,-15.7470703125,-32.623291015625,32.012939453125
-0.0411376953125,0.8807373046875,0.085693359375,-71.258544921875,-75.8056640625,98.69384765625
-0.381103515625,0.503173828125,0.2197265625,-64.300537109375,-118.95751953125,86.517333984375
-0.093017578125,0.754638671875,-0.0357666015625,-21.881103515625,-107.696533203125,115.386962890625
0.3338623046875,0.9454345703125,0.03173828125,4.364013671875,-60.302734375,59.967041015625
-0.183837890625,0.6666259765625,0.2314453125,-37.41455078125,-90.9423828125,32.623291015625
0.24560546875,0.9971923828125,0.205078125,-53.22265625,-62.19482421875,18.463134765625
-0.0802001953125,1.05126953125,0.361572265625,-55.84716796875,-88.623046875,38.299560546875
0.175537109375,0.76904296875,-0.17333984375,-47.2412109375,-87.371826171875,35.186767578125
0.149169921875,0.8416748046875,-0.362548828125,-23.49853515625,-4.364013671875,28.38134765625
-0.2244873046875,0.814697265625,-0.2022705078125,-58.53271484375,19.10400390625,9.27734375
-0.5718994140625,0.6134033203125,0.34765625,15.045166015625,-37.65869140625,22.8271484375
0.2662353515625,1.858642578125,0.240478515625,53.131103515625,-33.0810546875,66.10107421875
0.032958984375,1.1519775390625,0.166259765625,-58.685302734375,-4.45556640625,80.841064453125
-0.041015625,0.950927734375,-0.1917724609375,-47.66845703125,-22.03369140625,46.905517578125
0.61767578125,1.2972412109375,0.085693359375,-33.26416015625,-10.467529296875,93.44482421875
0.88720703125,1.7645263671875,0.7938232421875,-157.745361328125,17.578125,170.745849609375
0.1700439453125,1.272216796875,0.373291015625,-224.334716796875,61.248779296875,120.1171875
-0.2232666015625,0.8885498046875,0.1939697265625,-182.12890625,111.63330078125,-4.547119140625
0.320068359375,0.4613037109375,-0.2598876953125,-165.008544921875,158.782958984375,-77.239990234375
0.1697998046875,0.545166015625,0.27294921875,-16.326904296875,124.053955078125,-46.051025390625
0.2025146484375,0.8345947265625,0.2496337890625,-51.300048828125,21.514892578125,-21.453857421875
0.1396484375,0.7230224609375,0.55615234375,9.674072265625,57.4951171875,-29.205322265625
0.2412109375,0.425048828125,0.2078857421875,-26.702880859375,96.466064453125,-59.539794921875
-0.2083740234375,1.3175048828125,0.572509765625,-5.096435546875,38.177490234375,-37.322998046875
0.1151123046875,0.7879638671875,0.7110595703125,-18.9208984375,2.685546875,-33.203125
0.131591796875,0.490966796875,0.2308349609375,-1.251220703125,-8.6669921875,-15.31982421875
-0.13232421875,0.56201171875,0.173095703125,81.84814453125,-81.512451171875,31.43310546875
0.0072021484375,0.660400390625,0.4739990234375,46.0205078125,-130.37109375,36.407470703125
0.578857421875,0.6439208984375,0.45849609375,80.74951171875,-41.534423828125,25.7568359375
0.1185302734375,0.8968505859375,0.847900390625,64.117431640625,-54.718017578125,31.92138671875
0.283935546875,1.289306640625,0.466552734375,-3.875732421875,-81.60400390625,33.50830078125
0.62451171875,1.0162353515625,0.43603515625,18.6767578125,-23.3154296875,21.05712890625
0.129638671875,0.835205078125,0.3057861328125,14.83154296875,-26.702880859375,18.85986328125
0.2027587890625,1.1512451171875,0.4075927734375,4.791259765625,-32.04345703125,14.5263671875
0.45263671875,0.9814453125,0.4322509765625,-23.3154296875,-24.169921875,5.67626953125
0.11962890625,0.733642578125,0.197998046875,-7.568359375,-24.59716796875,2.166748046875
0.3876953125,1.10888671875,0.4088134765625,-13.458251953125,-30.70068359375,4.119873046875
0.4993896484375,0.961669921875,0.433349609375,-29.693603515625,2.288818359375,-0.091552734375
0.227294921875,0.7081298828125,0.2923583984375,-14.923095703125,-4.241943359375,3.96728515625
0.3675537109375,0.99267578125,0.3751220703125,-8.72802734375,-18.890380859375,9.674072265625
0.32958984375,0.9798583984375,0.431884765625,-17.02880859375,0.91552734375,3.90625
0.29296875,0.7264404296875,0.2650146484375,-15.80810546875,-5.79833984375,-2.349853515625
0.2618408203125,0.8211669921875,0.3631591796875,-4.0283203125,-14.373779296875,0.091552734375
0.4400634765625,1.02734375,0.500732421875,4.425048828125,6.34765625,-2.227783203125
0.256103515625,0.8040771484375,0.40185546875,-15.31982421875,7.659912109375,-5.279541015625
0.3638916015625,0.85205078125,0.36767578125,-3.173828125,10.284423828125,0.152587890625
0.46875,0.9425048828125,0.4639892578125,-5.950927734375,21.942138671875,-7.537841796875
0.1171875,0.7335205078125,0.401123046875,-21.78955078125,5.828857421875,0.42724609375
0.32958984375,0.680419921875,0.353271484375,15.44189453125,-5.2490234375,-8.392333984375
0.3734130859375,0.9573974609375,0.4949951171875,7.781982421875,5.279541015625,-18.1884765625
0.1107177734375,0.7274169921875,0.3726806640625,-6.2255859375,2.777099609375,-10.711669921875
0.2109375,0.8018798828125,0.38818359375,14.373779296875,-15.5029296875,-9.82666015625
0.489501953125,1.11767578125,0.4146728515625,-4.7607421875,1.46484375,-16.05224609375
0.1561279296875,0.7630615234375,0.333740234375,-3.570556640625,-5.035400390625,-10.498046875
0.4063720703125,0.8648681640625,0.384521484375,0.274658203125,-20.965576171875,-7.62939453125
0.4449462890625,1.078369140625,0.5015869140625,-2.9296875,22.796630859375,-11.3525390625
0.2679443359375,0.88330078125,0.377685546875,-10.711669921875,18.585205078125,-14.373779296875
0.226318359375,0.8673095703125,0.4271240234375,-9.1552734375,8.148193359375,-13.214111328125
0.088134765625,0.6864013671875,0.4185791015625,-15.19775390625,20.44677734375,0.0
0.2001953125,0.9542236328125,0.4310302734375,6.40869140625,12.054443359375,-18.096923828125
0.2303466796875,0.935791015625,0.4783935546875,-13.214111328125,1.068115234375,-14.617919921875
0.1341552734375,0.761962890625,0.4107666015625,-10.772705078125,6.805419921875,-3.41796875
0.2344970703125,0.830322265625,0.4033203125,3.2958984375,-6.195068359375,-10.162353515625
0.45458984375,1.15380859375,0.4884033203125,-8.056640625,14.617919921875,-13.97705078125
0.2296142578125,0.86376953125,0.4178466796875,-5.37109375,11.1083984375,-3.2958984375
0.1763916015625,0.626953125,0.3231201171875,-1.52587890625,-0.152587890625,5.18798828125
0.4554443359375,1.1478271484375,0.58349609375,6.195068359375,10.07080078125,-0.579833984375
0.130615234375,0.6697998046875,0.395751953125,-0.579833984375,7.38525390625,6.77490234375
0.1583251953125,0.7523193359375,0.4388427734375,13.214111328125,-13.73291015625,5.096435546875
0.3028564453125,1.09912109375,0.58203125,6.988525390625,5.889892578125,12.725830078125
0.145751953125,0.7158203125,0.3394775390625,7.75146484375,-5.37109375,10.162353515625
0.2449951171875,0.8656005859375,0.4705810546875,14.129638671875,4.8828125,-4.8828125
0.4141845703125,1.1109619140625,0.4630126953125,9.033203125,15.80810546875,8.148193359375
0.0823974609375,0.926513671875,0.4219970703125,-15.7470703125,0.54931640625,16.021728515625
0.1971435546875,0.79345703125,0.4434814453125,11.474609375,7.080078125,-14.83154296875
0.341064453125,0.964111328125,0.518310546875,4.364013671875,27.862548828125,-13.214111328125
0.080322265625,0.8656005859375,0.3990478515625,-4.547119140625,18.646240234375,2.685546875
0.18896484375,0.915771484375,0.46435546875,2.38037109375,4.486083984375,3.23486328125
0.39501953125,0.978271484375,0.4517822265625,0.06103515625,12.969970703125,1.129150390625
0.1195068359375,0.73974609375,0.4111328125,2.532958984375,-1.007080078125,1.068115234375
0.1400146484375,0.94140625,0.529296875,1.40380859375,-7.537841796875,-2.0751953125
0.310546875,0.9078369140625,0.51611328125,-6.805419921875,16.9677734375,4.45556640625
-0.030517578125,0.630126953125,0.3465576171875,1.5869140625,-2.166748046875,2.349853515625
0.315185546875,1.0279541015625,0.4888916015625,17.730712890625,9.857177734375,-9.246826171875
0.372802734375,0.9471435546875,0.512939453125,-7.843017578125,8.72802734375,10.650634765625
0.2147216796875,0.791015625,0.4805908203125,6.011962890625,13.48876953125,14.34326171875
0.270263671875,0.7242431640625,0.4947509765625,13.763427734375,22.8271484375,-3.814697265625
0.4227294921875,1.3365478515625,0.6239013671875,-20.20263671875,57.159423828125,-16.2353515625
0.10595703125,0.2855224609375,0.3255615234375,13.7939453125,36.346435546875,-15.5029296875
-0.0086669921875,0.7196044921875,0.1605224609375,84.77783203125,20.3857421875,-25.0244140625
-0.229736328125,1.2802734375,0.4407958984375,35.0341796875,-11.749267578125,-32.928466796875
0.8741455078125,2.0931396484375,0.389892578125,40.863037109375,-8.453369140625,-55.5419921875
0.019775390625,0.73095703125,0.2833251953125,-6.500244140625,-7.32421875,-39.61181640625
-0.2203369140625,0.9530029296875,-0.0885009765625,-58.380126953125,-28.472900390625,9.124755859375
-0.4302978515625,0.25634765625,0.2200927734375,22.369384765625,-31.036376953125,31.341552734375
0.3255615234375,1.48388671875,0.906494140625,-3.387451171875,5.523681640625,-8.544921875
-0.3736572265625,1.322021484375,0.8023681640625,-23.345947265625,36.285400390625,20.050048828125
0.0947265625,0.0181884765625,-0.52392578125,-103.33251953125,-92.864990234375,69.366455078125
1.5430908203125,0.8206787109375,1.055908203125,45.95947265625,-18.463134765625,19.195556640625
-0.307373046875,1.075439453125,0.446533203125,-30.6396484375,10.162353515625,-8.636474609375
-0.189208984375,0.80419921875,0.3023681640625,-9.185791015625,-2.25830078125,-17.27294921875
0.4759521484375,0.6551513671875,0.4156494140625,-21.8505859375,-20.1416015625,-0.152587890625
0.2822265625,1.07080078125,0.4547119140625,0.396728515625,-3.35693359375,8.11767578125
0.04736328125,0.800537109375,0.48779296875,-14.7705078125,-14.739990234375,-0.79345703125
0.0845947265625,0.9490966796875,0.49072265625,-4.45556640625,-5.06591796875,-22.4609375
0.360595703125,0.868896484375,0.4705810546875,-4.33349609375,-6.439208984375,-2.593994140625
0.17724609375,0.9786376953125,0.484130859375,-4.486083984375,-15.716552734375,13.36669921875
-0.110107421875,0.76318359375,0.5091552734375,2.5634765625,-12.451171875,-15.899658203125
0.477783203125,1.1004638671875,0.6043701171875,-8.97216796875,11.505126953125,-10.07080078125
0.1722412109375,0.6900634765625,0.312255859375,-4.150390625,21.91162109375,16.9677734375
0.167236328125,0.87353515625,0.519775390625,2.13623046875,-4.7607421875,-3.72314453125
0.5252685546875,1.031982421875,0.5718994140625,-3.35693359375,19.287109375,-11.65771484375
0.2449951171875,0.774169921875,0.584228515625,-23.49853515625,20.111083984375,4.638671875
0.107666015625,0.6436767578125,0.519775390625,23.01025390625,36.590576171875,16.143798828125
0.213623046875,0.9984130859375,0.632080078125,-23.01025390625,-4.547119140625,18.463134765625
0.6905517578125,1.489501953125,0.712890625,-38.818359375,45.10498046875,34.332275390625
-0.1744384765625,0.5540771484375,0.2149658203125,-56.732177734375,19.622802734375,34.332275390625
0.18212890625,0.9776611328125,0.5875244140625,12.664794921875,31.219482421875,10.3759765625
0.07470703125,1.8370361328125,1.459228515625,-150.115966796875,13.885498046875,29.35791015625
-0.2869873046875,1.520751953125,1.91259765625,-290.985107421875,-120.452880859375,81.9091796875
0.74560546875,-0.5672607421875,1.9608154296875,-234.039306640625,-297.42431640625,74.737548828125
0.28271484375,1.6290283203125,1.8087158203125,72.81494140625,-438.8427734375,185.05859375
0.8699951171875,1.19482421875,0.5416259765625,-23.712158203125,-437.8662109375,183.28857421875
0.00830078125,0.3978271484375,0.0123291015625,86.761474609375,-414.642333984375,191.314697265625
0.57080078125,0.5496826171875,-0.9210205078125,149.749755859375,-392.791748046875,89.752197265625
1.4293212890625,0.711181640625,-1.0618896484375,206.268310546875,-169.0673828125,93.994140625
0.810302734375,0.470458984375,-0.4775390625,215.606689453125,-10.19287109375,101.50146484375
0.0926513671875,0.2615966796875,0.0438232421875,124.237060546875,14.46533203125,62.042236328125
0.3375244140625,0.0323486328125,-0.4881591796875,73.486328125,-53.375244140625,27.83203125
1.0816650390625,0.1689453125,-0.4361572265625,67.840576171875,79.010009765625,39.1845703125
0.4300537109375,0.0299072265625,-0.10498046875,19.83642578125,185.60791015625,46.32568359375
-0.2210693359375,-0.232177734375,0.5260009765625,-10.7421875,85.784912109375,-6.439208984375
0.37060546875,0.0682373046875,0.374755859375,6.40869140625,-7.171630859375,-56.82373046875
0.2530517578125,-0.0560302734375,1.6959228515625,135.101318359375,25.726318359375,-20.294189453125
1.090087890625,0.8275146484375,0.7955322265625,-73.699951171875,-131.4697265625,26.18408203125
0.84228515625,-0.2130126953125,-0.2088623046875,-76.446533203125,-100.89111328125,26.641845703125
0.7103271484375,-0.2763671875,-0.719482421875,105.3466796875,-78.521728515625,-25.726318359375
0.9044189453125,0.1839599609375,-0.4449462890625,93.780517578125,-21.1181640625,-79.77294921875
1.5240478515625,0.3299560546875,0.561279296875,21.636962890625,-17.333984375,-25.482177734375
0.85986328125,0.3143310546875,-0.2236328125,-35.003662109375,-45.41015625,-17.669677734375
0.86279296875,-0.0040283203125,-0.4757080078125,39.85595703125,-47.698974609375,-45.0439453125
1.54931640625,0.300537109375,0.2794189453125,36.92626953125,15.869140625,-54.779052734375
1.071044921875,0.758056640625,-0.2103271484375,8.697509765625,73.760986328125,-47.882080078125
0.2242431640625,0.131103515625,-0.50732421875,-20.99609375,12.87841796875,13.61083984375
0.904541015625,-0.1676025390625,-0.166748046875,28.106689453125,-43.914794921875,-53.3447265625
1.1614990234375,0.9324951171875,-0.377685546875,17.547607421875,32.40966796875,-90.423583984375
0.5240478515625,0.4310302734375,-0.1787109375,-7.4462890625,15.594482421875,14.95361328125
0.8253173828125,-0.208251953125,-0.119873046875,25.57373046875,-37.41455078125,-40.83251953125
1.20361328125,0.9842529296875,-0.3995361328125,-0.48828125,0.3662109375,-52.276611328125
0.6820068359375,-0.0089111328125,-0.3983154296875,-24.658203125,16.204833984375,25.146484375
0.8350830078125,0.1060791015625,0.0230712890625,60.394287109375,-15.93017578125,-33.721923828125
1.082275390625,0.90771484375,-0.3984375,-17.27294921875,9.552001953125,4.791259765625
0.61328125,-0.0347900390625,-0.3685302734375,-24.200439453125,12.75634765625,21.697998046875
1.100341796875,0.39111328125,-0.0572509765625,43.8232421875,3.997802734375,-21.30126953125
0.8892822265625,0.756103515625,-0.3389892578125,-21.30126953125,7.32421875,8.1787109375
0.716064453125,0.056640625,-0.27587890625,1.15966796875,-1.251220703125,2.38037109375
1.212890625,0.4892578125,-0.03271484375,17.547607421875,1.983642578125,-14.16015625
0.72412109375,0.5977783203125,-0.43896484375,-17.2119140625,32.745361328125,4.302978515625
0.7152099609375,-0.078369140625,-0.2344970703125,10.1318359375,-32.012939453125,-1.77001953125
1.3382568359375,0.7373046875,-0.0521240234375,30.21240234375,0.06103515625,-39.764404296875
0.6258544921875,0.363037109375,-0.453369140625,-32.562255859375,26.2451171875,14.495849609375
0.8809814453125,0.0185546875,-0.0528564453125,56.0302734375,-8.48388671875,-2.25830078125
0.9071044921875,0.8603515625,-0.4263916015625,-14.83154296875,14.0380859375,5.889892578125
0.774169921875,0.1646728515625,-0.2518310546875,-3.84521484375,-11.810302734375,5.645751953125
0.935791015625,0.4102783203125,-0.1529541015625,4.5166015625,12.054443359375,-14.83154296875
0.7813720703125,0.5784912109375,-0.3021240234375,-2.532958984375,-3.47900390625,2.655029296875
0.929931640625,0.1962890625,-0.16796875,-4.180908203125,-13.73291015625,-1.922607421875
0.9556884765625,0.42724609375,-0.202392578125,3.90625,-7.26318359375,-15.472412109375
0.7813720703125,0.449462890625,-0.2689208984375,-5.06591796875,-0.1220703125,-0.54931640625
0.837158203125,0.2742919921875,-0.2095947265625,10.406494140625,-9.429931640625,-5.37109375
1.081787109375,0.606201171875,-0.1400146484375,4.69970703125,-9.307861328125,-4.2724609375
0.87646484375,0.1839599609375,-0.2562255859375,-9.307861328125,15.045166015625,2.410888671875
0.944091796875,0.294189453125,-0.0718994140625,17.608642578125,8.819580078125,7.6904296875
1.00341796875,0.76513671875,-0.3065185546875,-1.373291015625,16.937255859375,2.044677734375
0.7939453125,0.3126220703125,-0.249267578125,-41.900634765625,2.105712890625,0.67138671875
0.89501953125,-0.0823974609375,-0.112548828125,21.636962890625,-5.218505859375,-15.716552734375
0.87060546875,0.8360595703125,-0.1834716796875,11.16943359375,4.730224609375,-5.55419921875
0.8087158203125,0.1922607421875,-0.2218017578125,-18.4326171875,0.701904296875,7.843017578125
0.9891357421875,0.310546875,-0.0791015625,21.05712890625,-5.950927734375,-9.94873046875
0.893798828125,0.60009765625,-0.19677734375,-19.22607421875,12.8173828125,4.058837890625
0.7222900390625,0.1727294921875,-0.274658203125,-12.786865234375,-2.8076171875,2.655029296875
1.126220703125,0.3182373046875,-0.0396728515625,17.822265625,-2.8076171875,1.64794921875
0.7252197265625,0.5029296875,-0.2635498046875,6.9580078125,-2.25830078125,12.0849609375
0.97119140625,0.40478515625,-0.153564453125,-5.157470703125,5.859375,6.134033203125
0.7984619140625,0.4732666015625,-0.2720947265625,-29.47998046875,11.322021484375,6.744384765625
0.8037109375,0.2652587890625,-0.2606201171875,12.237548828125,9.3994140625,-3.936767578125
1.0360107421875,0.3802490234375,-0.0108642578125,13.24462890625,-0.457763671875,9.033203125
0.8157958984375,0.4814453125,-0.1934814453125,-8.4228515625,5.401611328125,15.19775390625
0.8748779296875,0.32568359375,-0.2288818359375,0.244140625,2.227783203125,-7.32421875
1.048828125,0.27099609375,-0.077880859375,18.61572265625,4.425048828125,5.18798828125
0.9295654296875,0.5810546875,-0.14404296875,-4.69970703125,13.702392578125,3.204345703125
0.576171875,0.136962890625,-0.1593017578125,-8.056640625,-9.674072265625,3.692626953125
1.2757568359375,0.36474609375,-0.0379638671875,-1.434326171875,0.701904296875,-1.220703125
0.743408203125,0.4267578125,-0.1455078125,-5.7373046875,20.6298828125,0.18310546875
0.97802734375,0.317138671875,0.0205078125,8.11767578125,-8.941650390625,-1.861572265625
1.0133056640625,0.4583740234375,-0.160888671875,-6.9580078125,17.333984375,4.2724609375
0.754638671875,0.267578125,-0.0496826171875,-3.936767578125,7.415771484375,-5.37109375
1.062744140625,0.427490234375,0.0147705078125,7.080078125,13.824462890625,5.859375
0.6710205078125,0.4766845703125,-0.236083984375,-10.711669921875,15.0146484375,0.274658203125
0.983642578125,0.3017578125,-0.03466796875,-16.876220703125,-5.523681640625,-0.732421875
0.8013916015625,0.291748046875,-0.2015380859375,-7.50732421875,5.157470703125,-10.25390625
0.9281005859375,0.415771484375,-0.0164794921875,-6.927490234375,7.99560546875,-0.946044921875
1.1048583984375,0.51416015625,-0.0091552734375,-7.171630859375,20.01953125,6.34765625
0.8533935546875,0.2125244140625,-0.149169921875,-11.71875,16.998291015625,7.01904296875
0.8951416015625,0.5948486328125,-0.00830078125,-6.011962890625,6.256103515625,-8.97216796875
0.898681640625,0.2327880859375,-0.08203125,-16.632080078125,18.4326171875,-8.819580078125
0.9703369140625,0.09912109375,-0.042724609375,17.974853515625,19.34814453125,-2.166748046875
0.8140869140625,0.8525390625,-0.050537109375,-8.575439453125,0.42724609375,2.227783203125
0.8770751953125,0.0858154296875,-0.03515625,-1.220703125,14.495849609375,-13.7939453125
0.9090576171875,0.3873291015625,-0.0816650390625,14.46533203125,11.65771484375,-22.735595703125
0.9281005859375,0.5335693359375,0.0035400390625,-12.664794921875,7.110595703125,1.953125
0.8570556640625,0.2794189453125,-0.0875244140625,-3.143310546875,5.06591796875,1.03759765625
1.0694580078125,0.6019287109375,0.0826416015625,1.678466796875,10.92529296875,-16.021728515625
0.7298583984375,0.407958984375,-0.0234375,-8.148193359375,11.749267578125,-7.62939453125
0.975830078125,0.20458984375,0.017578125,2.349853515625,-8.9111328125,-5.43212890625
0.919189453125,0.50537109375,0.008056640625,2.13623046875,4.364013671875,-5.523681640625
0.7803955078125,0.3912353515625,-0.039794921875,9.674072265625,9.063720703125,-26.885986328125
0.963623046875,0.3564453125,0.07568359375,3.021240234375,-0.1220703125,2.288818359375
0.813232421875,0.4681396484375,-0.048095703125,-14.251708984375,6.77490234375,9.09423828125
0.9407958984375,0.327880859375,0.1011962890625,7.171630859375,21.91162109375,-3.875732421875
0.72119140625,0.5216064453125,-0.0513916015625,-0.274658203125,-14.739990234375,-24.932861328125
0.874267578125,0.4783935546875,0.0128173828125,-10.55908203125,3.204345703125,-17.608642578125
0.9842529296875,0.27587890625,0.2144775390625,7.843017578125,5.55419921875,-0.48828125
0.7357177734375,0.6551513671875,-0.0394287109375,-1.8310546875,-6.28662109375,-4.33349609375
0.829345703125,0.32275390625,0.05419921875,5.31005859375,-3.0517578125,-7.110595703125
0.9976806640625,0.5213623046875,0.108154296875,14.312744140625,-10.406494140625,-11.688232421875
0.8172607421875,0.576416015625,0.053466796875,-19.073486328125,5.126953125,9.27734375
0.82958984375,0.11376953125,-0.0653076171875,2.777099609375,-19.622802734375,-0.396728515625
0.9974365234375,0.7288818359375,0.0626220703125,23.162841796875,-0.91552734375,-4.364013671875
0.9052734375,0.39599609375,-0.0557861328125,-23.01025390625,6.89697265625,2.01416015625
0.6695556640625,0.596923828125,0.094482421875,-6.7138671875,-15.13671875,9.27734375
0.8651123046875,0.22802734375,-0.14599609375,3.5400390625,-17.547607421875,-1.46484375
0.8756103515625,0.8306884765625,0.000732421875,14.373779296875,-15.594482421875,-11.77978515625
0.96728515625,0.2186279296875,0.0224609375,-9.674072265625,-22.27783203125,-9.521484375
0.7655029296875,0.2044677734375,-0.0660400390625,3.814697265625,-13.275146484375,6.927490234375
0.9537353515625,0.6949462890625,0.0511474609375,13.671875,-11.474609375,-8.1787109375
0.834228515625,0.523681640625,-0.019287109375,-11.383056640625,-1.0986328125,-0.457763671875
0.781982421875,0.217041015625,-0.1197509765625,11.71875,-6.378173828125,-2.166748046875
0.97509765625,0.74560546875,0.0771484375,2.8076171875,-4.8828125,1.190185546875
0.805419921875,0.3521728515625,-0.1590576171875,-21.484375,-12.5732421875,3.875732421875
0.9696044921875,0.28369140625,0.015869140625,17.730712890625,-9.6435546875,-4.547119140625
0.9837646484375,0.6153564453125,0.0,-2.716064453125,8.270263671875,7.598876953125
0.648193359375,0.306396484375,0.0726318359375,3.204345703125,-14.801025390625,5.79833984375
1.0504150390625,0.275634765625,-0.033447265625,18.798828125,7.720947265625,1.739501953125
0.8280029296875,0.6893310546875,-0.0257568359375,18.06640625,24.993896484375,5.43212890625
0.9674072265625,0.426513671875,0.126953125,-10.955810546875,-10.040283203125,3.265380859375
0.9259033203125,0.3853759765625,0.017822265625,-5.06591796875,-1.953125,10.80322265625
1.125732421875,0.3653564453125,0.1942138671875,2.44140625,14.312744140625,18.85986328125
0.53564453125,0.615478515625,-0.2176513671875,-20.3857421875,-3.23486328125,29.388427734375
1.02880859375,0.5328369140625,0.2322998046875,-19.34814453125,-40.069580078125,29.4189453125
0.975341796875,0.2708740234375,-0.1820068359375,-54.046630859375,-4.486083984375,24.200439453125
0.764892578125,0.302490234375,-0.104248046875,-4.82177734375,-8.941650390625,31.31103515625
0.442626953125,0.6048583984375,-0.0941162109375,-11.505126953125,-50.1708984375,36.773681640625
1.49365234375,0.87060546875,0.0814208984375,-73.883056640625,-111.81640625,69.854736328125
1.134033203125,0.88720703125,-0.5657958984375,-132.781982421875,-111.26708984375,102.508544921875
1.4984130859375,-0.411865234375,0.1866455078125,66.58935546875,16.326904296875,23.284912109375
-0.070556640625,1.060302734375,-0.79541015625,-77.423095703125,-107.91015625,81.695556640625
0.9603271484375,-0.4210205078125,1.5770263671875,-71.533203125,13.48876953125,50.872802734375
0.7305908203125,-0.7027587890625,0.5411376953125,-72.75390625,-113.95263671875,8.148193359375
1.88037109375,0.6474609375,-0.6854248046875,-18.310546875,-7.171630859375,-56.82373046875
0.7080078125,0.317138671875,-0.2408447265625,21.3623046875,129.8828125,-11.260986328125
0.8831787109375,-0.2088623046875,0.348876953125,7.9345703125,-31.951904296875,2.3193359375
1.2861328125,0.474853515625,-0.428466796875,7.415771484375,65.704345703125,-53.22265625
0.578369140625,0.4501953125,-0.1463623046875,17.7001953125,75.103759765625,-13.18359375
0.8817138671875,0.30322265625,0.3182373046875,9.368896484375,8.23974609375,2.471923828125
0.800048828125,0.0992431640625,-0.1693115234375,-20.660400390625,-24.23095703125,7.50732421875
1.226806640625,0.309326171875,-0.2340087890625,13.763427734375,24.59716796875,-13.671875
0.65625,0.258544921875,-0.13525390625,18.61572265625,19.439697265625,-5.79833984375
1.009521484375,0.05810546875,0.11474609375,22.613525390625,4.57763671875,-8.30078125
0.909912109375,0.4248046875,-0.1563720703125,25.543212890625,6.53076171875,-4.241943359375
1.146240234375,0.32958984375,0.0498046875,9.002685546875,11.932373046875,-5.18798828125
0.8193359375,0.146484375,-0.0494384765625,20.233154296875,25.08544921875,-11.04736328125
0.8707275390625,0.5411376953125,-0.027587890625,13.36669921875,15.0146484375,-10.101318359375
1.1107177734375,0.194580078125,-0.027099609375,-9.58251953125,8.6669921875,5.706787109375
0.7689208984375,0.2802734375,-0.102294921875,11.8408203125,15.625,-7.904052734375
1.216064453125,0.4271240234375,0.2547607421875,8.7890625,14.923095703125,-7.537841796875
0.8194580078125,0.0623779296875,-0.049072265625,3.72314453125,-10.528564453125,-8.087158203125
0.9012451171875,0.4210205078125,-0.01171875,11.627197265625,-7.9345703125,-4.8828125
1.1363525390625,0.2020263671875,0.0714111328125,9.185791015625,-0.030517578125,-2.685546875
0.810791015625,0.2977294921875,-0.13818359375,20.477294921875,6.89697265625,-4.425048828125
1.0625,0.304931640625,0.054931640625,14.312744140625,0.0,13.18359375
0.96630859375,0.3612060546875,-0.009033203125,13.00048828125,-1.52587890625,-1.64794921875
0.9412841796875,0.319091796875,0.0115966796875,5.126953125,3.35693359375,2.3193359375
0.9263916015625,0.382080078125,-0.005126953125,16.845703125,-10.650634765625,1.495361328125
0.902099609375,0.3203125,-0.0751953125,9.002685546875,-12.51220703125,0.06103515625
0.893798828125,0.2696533203125,-0.1883544921875,-5.615234375,0.3662109375,2.50244140625
1.12841796875,0.3702392578125,0.0638427734375,21.3623046875,-4.364013671875,-2.9296875
1.0006103515625,0.2978515625,-0.009521484375,3.41796875,-6.65283203125,-1.068115234375
0.83251953125,0.3057861328125,-0.1136474609375,-8.148193359375,-6.53076171875,-6.500244140625
0.9178466796875,0.2216796875,-0.0018310546875,12.3291015625,-12.75634765625,8.7890625
1.138671875,0.460693359375,-0.0673828125,4.974365234375,-14.5263671875,6.927490234375
0.8671875,0.3319091796875,-0.158935546875,-7.659912109375,5.401611328125,6.683349609375
0.859130859375,0.0413818359375,0.0626220703125,11.627197265625,-30.3955078125,13.397216796875
1.1314697265625,0.5101318359375,-0.05126953125,1.373291015625,-8.819580078125,4.5166015625
0.880615234375,0.328369140625,-0.0482177734375,-8.026123046875,-15.777587890625,18.9208984375
1.012939453125,0.12548828125,-0.1036376953125,-7.50732421875,-18.4326171875,14.7705078125
0.9705810546875,0.361328125,-0.1536865234375,15.68603515625,-6.53076171875,7.110595703125
1.002197265625,0.3885498046875,-0.0126953125,-0.18310546875,-9.735107421875,-5.950927734375
0.909912109375,0.210693359375,-0.1075439453125,-15.472412109375,0.18310546875,-4.5166015625
0.7598876953125,0.30908203125,-0.2523193359375,13.092041015625,3.509521484375,-6.622314453125
1.304931640625,0.34716796875,-0.0050048828125,20.93505859375,15.5029296875,-3.60107421875
0.8565673828125,0.1107177734375,-0.1220703125,-29.47998046875,15.411376953125,3.47900390625
1.078125,0.263427734375,0.0537109375,4.638671875,6.134033203125,-3.7841796875
0.8558349609375,0.413330078125,-0.0313720703125,-23.834228515625,12.3291015625,-4.730224609375
0.9490966796875,0.3780517578125,-0.18994140625,-3.692626953125,16.510009765625,-4.364013671875
0.8763427734375,0.3299560546875,0.0281982421875,-14.22119140625,10.772705078125,-7.50732421875
1.1602783203125,0.4046630859375,0.052734375,-10.6201171875,28.594970703125,-34.48486328125
0.79541015625,0.0869140625,-0.044189453125,-10.7421875,22.8271484375,-26.031494140625
0.738525390625,0.38427734375,-0.156494140625,-32.65380859375,0.30517578125,-11.77978515625
1.3033447265625,0.4808349609375,0.12451171875,-4.791259765625,15.869140625,-28.778076171875
1.0885009765625,0.3045654296875,0.1497802734375,-35.21728515625,41.473388671875,-19.195556640625
0.8702392578125,0.1126708984375,0.085693359375,-27.89306640625,36.407470703125,-21.636962890625
0.846435546875,0.5390625,-0.0382080078125,-21.91162109375,22.52197265625,-38.238525390625
0.9046630859375,0.419189453125,0.0062255859375,-37.109375,35.980224609375,-26.702880859375
1.0518798828125,0.219970703125,0.3492431640625,-27.83203125,45.34912109375,-3.662109375
1.100341796875,0.6292724609375,0.27490234375,-13.3056640625,70.4345703125,-26.336669921875
0.677734375,0.532470703125,0.0130615234375,-31.951904296875,52.18505859375,-22.003173828125
0.8009033203125,0.4012451171875,0.041748046875,-44.952392578125,23.529052734375,-19.989013671875
0.862548828125,0.0869140625,0.268310546875,-31.18896484375,34.3017578125,-6.988525390625
0.8095703125,0.477783203125,0.4346923828125,-16.05224609375,22.88818359375,-23.37646484375
0.81591796875,0.4486083984375,0.123779296875,-16.693115234375,8.72802734375,-29.9072265625
0.9285888671875,0.218505859375,0.2550048828125,-21.66748046875,3.72314453125,-14.801025390625
0.996337890625,0.455810546875,0.4432373046875,-20.111083984375,24.2919921875,-6.378173828125
0.7977294921875,0.364990234375,0.2947998046875,-19.8974609375,8.331298828125,-2.99072265625
0.8402099609375,0.2955322265625,0.295654296875,5.889892578125,14.617919921875,-23.895263671875
0.87158203125,0.580078125,0.5545654296875,-9.46044921875,12.451171875,-12.14599609375
0.8497314453125,0.4415283203125,0.407958984375,-22.857666015625,12.298583984375,1.373291015625
0.8028564453125,0.1497802734375,0.2855224609375,-17.333984375,-0.091552734375,10.009765625
0.8270263671875,0.461181640625,0.451416015625,0.457763671875,5.2490234375,-1.8310546875
1.0330810546875,0.7086181640625,0.61181640625,-1.28173828125,36.529541015625,-28.594970703125
0.7808837890625,0.304931640625,0.494140625,-7.720947265625,33.14208984375,-8.880615234375
0.675048828125,0.3648681640625,0.2041015625,-12.5732421875,24.810791015625,7.568359375
0.8602294921875,0.7520751953125,0.32470703125,-5.767822265625,3.23486328125,-22.674560546875
0.899658203125,0.4241943359375,0.5673828125,-12.542724609375,9.613037109375,-22.705078125
0.8831787109375,0.3916015625,0.67724609375,5.279541015625,28.25927734375,-19.775390625
0.5595703125,0.2275390625,0.18017578125,-25.726318359375,-14.129638671875,-0.54931640625
1.042236328125,0.4261474609375,0.255615234375,0.946044921875,-0.885009765625,-9.94873046875
0.90869140625,0.679443359375,0.772705078125,1.46484375,8.60595703125,2.197265625
0.688720703125,0.3157958984375,0.5687255859375,-10.223388671875,9.521484375,2.50244140625
0.74755859375,0.517578125,0.2852783203125,-4.08935546875,13.946533203125,-10.528564453125
0.73779296875,0.4410400390625,0.37646484375,-7.659912109375,-4.150390625,-22.491455078125
0.9432373046875,0.486328125,0.5640869140625,-17.333984375,15.899658203125,4.425048828125
0.7635498046875,0.409423828125,0.45849609375,-27.252197265625,13.36669921875,14.801025390625
0.7332763671875,0.617431640625,0.54443359375,-4.33349609375,31.55517578125,-18.06640625
0.7503662109375,0.2381591796875,0.420654296875,-27.4658203125,-4.486083984375,-5.55419921875
0.84375,0.514892578125,0.389404296875,-8.23974609375,18.37158203125,1.556396484375
0.62646484375,0.4765625,0.5867919921875,-14.862060546875,9.46044921875,-1.129150390625
0.732666015625,0.6339111328125,0.5806884765625,-12.14599609375,20.32470703125,-13.885498046875
0.528076171875,0.297607421875,0.475830078125,-21.8505859375,-3.082275390625,-14.34326171875
0.9578857421875,0.3790283203125,0.33642578125,-21.759033203125,5.523681640625,23.8037109375
0.701171875,0.4239501953125,0.7364501953125,-9.979248046875,-2.0751953125,15.411376953125
0.6531982421875,0.34765625,0.5316162109375,-13.275146484375,1.3427734375,-7.8125
0.8046875,0.31591796875,0.4381103515625,-5.279541015625,-9.33837890625,-22.125244140625
0.98388671875,0.3922119140625,0.715576171875,-7.568359375,8.331298828125,0.91552734375
0.93896484375,0.470703125,0.7147216796875,-14.0380859375,23.345947265625,7.01904296875
0.3780517578125,0.33544921875,0.551025390625,-16.11328125,21.240234375,8.148193359375
0.576416015625,0.3968505859375,0.6644287109375,1.3427734375,14.83154296875,-24.23095703125
1.126708984375,0.6895751953125,0.427978515625,-19.744873046875,3.753662109375,-14.95361328125
0.580810546875,0.00927734375,0.545654296875,-8.209228515625,15.5029296875,20.93505859375
0.4072265625,0.429931640625,0.519775390625,-17.2119140625,-13.12255859375,17.730712890625
0.643310546875,0.620361328125,0.595947265625,4.08935546875,-7.38525390625,-32.04345703125
1.0113525390625,0.4844970703125,0.830078125,4.57763671875,1.434326171875,-48.2177734375
0.8226318359375,0.218994140625,0.6251220703125,-7.720947265625,8.72802734375,-17.730712890625
0.689208984375,0.1728515625,0.539306640625,-12.51220703125,4.547119140625,23.0712890625
0.7989501953125,0.4259033203125,0.5599365234375,-3.997802734375,-8.941650390625,5.92041015625
0.9757080078125,0.809814453125,0.6182861328125,25.543212890625,19.439697265625,-65.36865234375
0.6339111328125,0.9083251953125,0.810302734375,-6.805419921875,15.960693359375,-45.71533203125
0.505126953125,0.162109375,0.5980224609375,-32.3486328125,-28.9306640625,29.815673828125
0.0555419921875,-0.107421875,0.800048828125,-5.92041015625,11.871337890625,100.89111328125
0.5498046875,0.2025146484375,0.5447998046875,-34.393310546875,-91.094970703125,34.698486328125
0.9034423828125,0.839599609375,0.63037109375,-2.62451171875,-9.70458984375,81.6650390625
0.7440185546875,0.6171875,0.6832275390625,-60.882568359375,-51.7578125,75.13427734375
1.06298828125,-0.030029296875,0.4178466796875,-58.9599609375,-20.56884765625,35.5224609375
0.6561279296875,0.0758056640625,0.6112060546875,-15.777587890625,6.134033203125,-19.683837890625
0.7305908203125,0.178466796875,0.438232421875,-24.444580078125,-5.218505859375,7.171630859375
0.478515625,-0.244873046875,0.496826171875,16.90673828125,-9.765625,-44.708251953125
0.73779296875,0.5821533203125,0.597412109375,20.32470703125,-23.590087890625,-61.798095703125
1.0126953125,0.4990234375,0.7113037109375,-0.396728515625,-21.78955078125,-45.440673828125
0.753662109375,-0.0377197265625,0.5328369140625,6.04248046875,-14.312744140625,-40.802001953125
0.770751953125,0.2275390625,0.4859619140625,25.69580078125,-7.598876953125,-33.416748046875
0.8033447265625,0.6689453125,0.73388671875,21.240234375,-24.59716796875,-24.2919921875
0.990234375,0.3369140625,0.7008056640625,2.86865234375,-19.71435546875,-6.7138671875
0.9154052734375,0.4796142578125,0.63037109375,10.711669921875,8.85009765625,-26.4892578125
0.6011962890625,0.271484375,0.5025634765625,12.237548828125,-6.805419921875,-23.98681640625
0.8634033203125,0.2723388671875,0.353515625,-0.518798828125,-35.858154296875,17.578125
0.9580078125,0.47314453125,0.9976806640625,27.618408203125,9.70458984375,1.220703125
0.2933349609375,0.4810791015625,0.243896484375,-0.335693359375,10.7421875,-22.918701171875
0.9578857421875,0.2364501953125,0.3804931640625,23.193359375,-19.989013671875,-15.869140625
0.8406982421875,0.828369140625,0.569580078125,3.5400390625,10.894775390625,27.52685546875
0.656494140625,0.2784423828125,0.4820556640625,13.275146484375,-1.46484375,-22.15576171875
0.6407470703125,0.404052734375,0.407470703125,28.74755859375,-15.045166015625,-22.5830078125
1.053466796875,0.6490478515625,0.6339111328125,16.845703125,-5.096435546875,3.7841796875
0.875244140625,0.5623779296875,0.5257568359375,-4.7607421875,16.54052734375,13.671875
0.462890625,0.3287353515625,0.3743896484375,6.28662109375,-0.30517578125,-1.678466796875
0.9808349609375,0.625732421875,0.6016845703125,6.28662109375,-17.974853515625,-13.36669921875
0.8634033203125,0.4876708984375,0.669677734375,-25.93994140625,6.40869140625,10.68115234375
0.6116943359375,0.1864013671875,0.298095703125,-17.822265625,-3.509521484375,6.16455078125
0.6356201171875,0.327392578125,0.4539794921875,2.655029296875,-15.13671875,1.678466796875
0.88330078125,0.571044921875,0.6146240234375,-1.190185546875,-18.5546875,1.64794921875
0.6322021484375,0.4210205078125,0.50634765625,-1.0986328125,5.279541015625,3.570556640625
0.563720703125,0.061279296875,0.5113525390625,4.547119140625,-26.9775390625,8.880615234375
0.938232421875,0.512939453125,0.7239990234375,6.988525390625,-20.355224609375,15.228271484375
0.8250732421875,0.5047607421875,0.4293212890625,6.256103515625,14.0380859375,6.988525390625
0.593017578125,0.2982177734375,0.367919921875,11.23046875,-4.058837890625,-3.5400390625
1.03759765625,0.50927734375,0.5662841796875,11.199951171875,-14.617919921875,9.796142578125
0.8846435546875,0.3209228515625,0.5152587890625,0.030517578125,-6.34765625,24.35302734375
0.91064453125,0.5362548828125,0.66796875,-5.828857421875,16.4794921875,15.838623046875
0.8157958984375,0.269775390625,0.635986328125,21.3623046875,20.599365234375,-14.34326171875
0.5291748046875,0.234619140625,0.2867431640625,-1.46484375,2.716064453125,14.5263671875
0.7523193359375,0.562744140625,0.64013671875,3.814697265625,17.486572265625,38.6962890625
0.7149658203125,0.8514404296875,0.4334716796875,-15.7470703125,-18.646240234375,12.20703125
0.84521484375,0.0443115234375,0.279052734375,-16.387939453125,-21.240234375,-20.44677734375
0.7708740234375,0.81005859375,0.54150390625,47.2412109375,10.406494140625,-11.199951171875
0.5562744140625,0.2391357421875,1.0274658203125,-15.13671875,-47.637939453125,8.697509765625
0.8336181640625,0.2315673828125,0.4896240234375,12.969970703125,-19.53125,-46.295166015625
0.8167724609375,1.079345703125,0.7381591796875,-0.91552734375,-19.287109375,-19.95849609375
0.907958984375,0.2379150390625,0.1014404296875,-60.943603515625,-11.627197265625,4.2724609375
0.6641845703125,0.3145751953125,0.214599609375,-2.62451171875,37.506103515625,9.765625
1.028076171875,0.40625,0.7362060546875,-1.708984375,-8.697509765625,2.3193359375
0.7091064453125,0.768310546875,0.728515625,-1.89208984375,44.00634765625,-19.378662109375
0.552001953125,-0.0555419921875,0.374755859375,-27.7099609375,-17.76123046875,-26.2451171875
0.9393310546875,0.406005859375,0.431396484375,2.86865234375,29.571533203125,3.875732421875
0.7415771484375,0.7135009765625,0.8260498046875,5.7373046875,17.913818359375,-10.31494140625
0.5003662109375,0.3594970703125,0.392822265625,-6.134033203125,0.42724609375,-46.2646484375
0.77294921875,0.187255859375,0.395751953125,20.660400390625,-16.693115234375,-33.782958984375
1.0760498046875,0.70458984375,0.537109375,-7.110595703125,17.63916015625,11.505126953125
0.4873046875,0.212158203125,0.6527099609375,-3.2958984375,12.8173828125,15.106201171875
0.63671875,0.4744873046875,0.4033203125,16.41845703125,7.659912109375,-9.796142578125
0.8363037109375,0.4656982421875,0.6444091796875,9.09423828125,10.589599609375,-5.2490234375
0.953857421875,0.5416259765625,0.698974609375,10.894775390625,22.27783203125,-17.27294921875
0.5423583984375,0.3717041015625,0.6181640625,-10.101318359375,32.1044921875,3.96728515625
0.74755859375,0.431640625,0.4520263671875,5.340576171875,9.185791015625,-2.166748046875
0.8065185546875,0.5374755859375,0.65966796875,-8.9111328125,30.6396484375,20.751953125
0.595458984375,0.3653564453125,0.6539306640625,-6.16455078125,27.099609375,12.14599609375
0.511474609375,0.3922119140625,0.5767822265625,-7.049560546875,17.08984375,-1.220703125
0.95703125,0.523681640625,0.5157470703125,-7.843017578125,17.608642578125,-8.209228515625
0.67578125,0.4935302734375,0.66845703125,-20.843505859375,42.205810546875,27.83203125
0.492919921875,0.29638671875,0.566650390625,-44.708251953125,-6.256103515625,28.13720703125
0.8133544921875,0.5130615234375,0.6070556640625,-20.20263671875,30.82275390625,3.47900390625
0.5821533203125,0.2384033203125,0.69775390625,-13.458251953125,25.177001953125,10.772705078125
0.57666015625,0.337890625,0.499755859375,-1.251220703125,14.46533203125,6.622314453125
0.8663330078125,0.4405517578125,0.8658447265625,-2.01416015625,24.10888671875,4.302978515625
0.2298583984375,0.1787109375,0.5162353515625,-20.294189453125,1.953125,14.22119140625
0.4730224609375,0.5330810546875,0.7264404296875,-6.103515625,27.099609375,2.197265625
0.52734375,0.178955078125,0.924072265625,10.1318359375,16.510009765625,3.448486328125
1.0611572265625,0.6593017578125,0.580078125,-3.875732421875,24.7802734375,20.965576171875
0.114013671875,0.2281494140625,0.6336669921875,-3.84521484375,24.35302734375,28.99169921875
0.5814208984375,0.48046875,0.685546875,7.720947265625,5.37109375,-10.894775390625
0.811279296875,0.260986328125,0.7841796875,4.33349609375,13.031005859375,3.387451171875
0.586669921875,0.3758544921875,0.562744140625,-11.749267578125,38.6962890625,39.4287109375
0.165771484375,0.1787109375,0.70556640625,2.044677734375,4.08935546875,3.662109375
0.7435302734375,0.4986572265625,0.841552734375,7.415771484375,12.115478515625,-7.354736328125
0.9200439453125,0.47021484375,0.70947265625,-9.613037109375,31.8603515625,19.8974609375
0.2393798828125,0.1673583984375,0.7418212890625,-12.87841796875,-1.251220703125,15.411376953125
0.801025390625,0.4642333984375,0.89306640625,5.889892578125,0.396728515625,0.274658203125
0.4296875,0.4033203125,0.7572021484375,-14.95361328125,17.425537109375,5.55419921875
0.464599609375,0.2451171875,0.776611328125,-6.591796875,-1.129150390625,-11.53564453125
0.811279296875,0.4520263671875,0.94873046875,7.6904296875,4.638671875,-14.495849609375
0.427490234375,0.1292724609375,0.6986083984375,-16.11328125,5.7373046875,3.143310546875
0.314697265625,0.328857421875,0.7105712890625,-3.753662109375,-15.5029296875,-3.631591796875
0.67333984375,0.494140625,0.894287109375,-7.8125,2.685546875,-23.101806640625
0.3465576171875,0.16552734375,0.8140869140625,-11.8408203125,14.95361328125,-26.42822265625
0.4498291015625,0.251953125,0.713134765625,-0.213623046875,-11.260986328125,-16.29638671875
0.83447265625,0.3822021484375,0.9931640625,-7.232666015625,-8.026123046875,-7.293701171875
0.5054931640625,0.290771484375,0.902587890625,-14.34326171875,9.33837890625,-15.2587890625
0.3782958984375,0.3902587890625,0.8033447265625,-12.603759765625,2.349853515625,-25.909423828125
0.5892333984375,0.265625,0.78369140625,-19.6533203125,-5.06591796875,-23.193359375
0.5396728515625,0.1630859375,0.835205078125,-13.275146484375,-8.60595703125,-5.06591796875
0.344970703125,0.4691162109375,0.8974609375,-25.482177734375,1.8310546875,-2.349853515625
0.480224609375,0.458740234375,0.9185791015625,-34.912109375,-4.913330078125,-38.482666015625
0.4952392578125,0.07958984375,0.8404541015625,-31.951904296875,-16.78466796875,-29.022216796875
0.419189453125,0.120361328125,0.8048095703125,-8.758544921875,3.47900390625,-7.26318359375
0.3372802734375,0.4420166015625,0.8502197265625,-37.353515625,-18.463134765625,1.983642578125
0.6229248046875,0.2723388671875,0.9068603515625,-12.0849609375,-8.148193359375,-41.32080078125
0.5374755859375,0.1695556640625,0.6649169921875,-15.31982421875,7.32421875,-20.1416015625
0.63427734375,0.20849609375,0.75146484375,13.18359375,1.64794921875,20.599365234375
0.5501708984375,0.6373291015625,0.9830322265625,-31.3720703125,-6.7138671875,17.669677734375
0.4539794921875,0.1650390625,0.8345947265625,-22.918701171875,11.90185546875,-16.78466796875
0.636474609375,0.2138671875,0.8702392578125,-20.81298828125,8.056640625,-5.55419921875
0.5889892578125,0.106689453125,0.9132080078125,-25.0244140625,12.298583984375,13.031005859375
0.568359375,0.2589111328125,0.960205078125,-27.9541015625,29.083251953125,14.83154296875
0.36572265625,0.2540283203125,0.8526611328125,-4.5166015625,41.015625,-7.659912109375
0.3580322265625,0.151611328125,0.7740478515625,-16.265869140625,26.885986328125,-15.899658203125
0.4664306640625,0.114501953125,0.92333984375,-11.749267578125,29.296875,-12.87841796875
0.6143798828125,0.1832275390625,0.92578125,8.636474609375,55.389404296875,5.859375
0.690185546875,0.0137939453125,1.1544189453125,-6.195068359375,84.9609375,32.196044921875
0.642822265625,-0.1536865234375,1.0272216796875,20.111083984375,124.053955078125,42.816162109375
0.558349609375,-0.019287109375,1.13525390625,31.79931640625,162.689208984375,51.055908203125
0.1337890625,0.0826416015625,1.2159423828125,57.80029296875,188.140869140625,66.0400390625
-0.6947021484375,0.287353515625,1.608642578125,38.970947265625,99.395751953125,63.079833984375
-0.3116455078125,-0.0093994140625,1.73583984375,-47.698974609375,-18.341064453125,-29.510498046875
-0.0958251953125,-0.138427734375,1.71875,-26.824951171875,-75.01220703125,-110.260009765625
-0.0355224609375,-0.1097412109375,1.334716796875,-23.834228515625,-151.580810546875,-213.37890625
0.4803466796875,0.177490234375,1.0908203125,6.16455078125,-191.5283203125,-252.166748046875
0.5115966796875,0.720458984375,1.321044921875,40.008544921875,-203.0029296875,-260.040283203125
-0.0445556640625,0.58056640625,1.0511474609375,20.69091796875,-253.814697265625,-265.07568359375
0.6385498046875,1.126953125,0.5855712890625,33.935546875,-276.763916015625,-190.826416015625
0.765869140625,0.8052978515625,0.5802001953125,89.29443359375,-214.17236328125,-120.7275390625
0.3209228515625,1.00048828125,0.9144287109375,128.082275390625,-237.79296875,-98.57177734375
0.5662841796875,1.0516357421875,0.5458984375,116.8212890625,-271.484375,-72.235107421875
0.883544921875,1.2574462890625,0.379638671875,154.4189453125,-258.60595703125,-0.06103515625
0.7603759765625,1.1455078125,0.5416259765625,189.27001953125,-219.54345703125,39.459228515625
0.13916015625,1.6971435546875,0.5467529296875,196.380615234375,-221.00830078125,31.829833984375
1.0911865234375,1.751953125,-0.08203125,207.794189453125,-183.929443359375,145.843505859375
0.9266357421875,1.2357177734375,0.1591796875,262.542724609375,-110.443115234375,223.541259765625
0.6968994140625,1.1287841796875,0.20068359375,221.6796875,-128.173828125,184.38720703125
0.807861328125,1.03955078125,-0.0260009765625,257.965087890625,-136.65771484375,107.23876953125
0.8280029296875,0.5567626953125,-0.1270751953125,272.88818359375,-128.35693359375,106.475830078125
0.706787109375,0.3895263671875,-0.3389892578125,270.263671875,-62.01171875,136.505126953125
0.4708251953125,-0.2547607421875,-0.44482421875,222.71728515625,15.838623046875,112.823486328125
0.4434814453125,-0.6407470703125,-0.541748046875,221.3134765625,72.3876953125,56.793212890625
0.34814453125,-0.6063232421875,-0.166015625,220.489501953125,88.775634765625,7.75146484375
-0.0802001953125,-0.552978515625,-0.1427001953125,217.83447265625,87.860107421875,-16.845703125
-1.9493408203125,0.1236572265625,0.74267578125,507.568359375,197.93701171875,97.442626953125
1.1484375,-0.2435302734375,0.760498046875,-113.037109375,-47.332763671875,39.337158203125
0.8143310546875,-0.4412841796875,-0.7581787109375,56.793212890625,58.074951171875,90.545654296875
-0.1356201171875,-0.365478515625,0.055908203125,-22.308349609375,122.55859375,-0.213623046875
-0.294677734375,-0.5589599609375,0.2255859375,-76.72119140625,62.652587890625,-9.58251953125
0.0582275390625,-0.957275390625,0.382568359375,-73.79150390625,-29.9072265625,27.435302734375
0.6728515625,-1.2041015625,0.0059814453125,-1.373291015625,-108.123779296875,56.854248046875
1.1053466796875,-0.86474609375,-0.283447265625,30.3955078125,9.674072265625,-26.42822265625
0.822021484375,-0.6951904296875,-0.13134765625,-20.782470703125,37.65869140625,-122.13134765625
0.6923828125,-0.589111328125,-0.0120849609375,-15.167236328125,-9.1552734375,-91.094970703125
1.37646484375,0.2984619140625,0.4093017578125,-37.567138671875,29.23583984375,-82.855224609375
0.552001953125,-0.6240234375,0.4114990234375,-30.548095703125,2.777099609375,-59.417724609375
0.589111328125,-0.1875,-0.0758056640625,81.1767578125,-134.307861328125,-59.5703125
1.3868408203125,-0.0491943359375,-0.5703125,72.357177734375,-59.50927734375,-25.7568359375
0.9576416015625,-0.1448974609375,-0.4293212890625,14.22119140625,-12.39013671875,-15.13671875
0.8690185546875,-0.142822265625,-0.5250244140625,-18.310546875,24.200439453125,-25.69580078125
0.77392578125,-0.326416015625,-0.466552734375,-12.451171875,57.464599609375,-51.544189453125
1.112548828125,-0.19482421875,-0.417724609375,2.105712890625,88.165283203125,-34.637451171875
0.089599609375,0.5361328125,0.3994140625,-196.563720703125,55.6640625,-31.829833984375
0.5643310546875,-0.9891357421875,-0.1220703125,-273.01025390625,-62.652587890625,-41.748046875
0.931884765625,-0.770751953125,-0.1749267578125,-4.547119140625,-32.257080078125,-54.595947265625
0.68115234375,0.4605712890625,-0.386474609375,-22.491455078125,-12.908935546875,19.53125
0.5484619140625,-0.2489013671875,-0.320068359375,-40.252685546875,-51.69677734375,11.474609375
1.685302734375,-0.6385498046875,-0.5819091796875,40.557861328125,0.457763671875,-76.96533203125
1.205078125,0.0926513671875,-0.44921875,35.064697265625,73.42529296875,33.63037109375
0.5361328125,-0.0889892578125,-0.4080810546875,-33.905029296875,0.701904296875,2.44140625
0.85009765625,-0.1417236328125,-0.014404296875,8.97216796875,6.04248046875,-43.487548828125
1.4766845703125,-0.1019287109375,-0.3145751953125,-20.721435546875,30.914306640625,-1.28173828125
0.7506103515625,-0.126708984375,-0.2947998046875,-9.765625,38.39111328125,2.471923828125
0.602294921875,-0.3206787109375,-0.168212890625,29.84619140625,4.669189453125,-36.163330078125
1.3380126953125,0.0660400390625,0.0128173828125,16.90673828125,15.960693359375,-14.34326171875
0.8018798828125,0.04638671875,-0.2276611328125,-33.447265625,31.25,28.4423828125
0.6229248046875,-0.322509765625,-0.5111083984375,-3.448486328125,-10.833740234375,-42.236328125
1.5870361328125,0.071044921875,0.212158203125,36.9873046875,46.112060546875,-11.8408203125
0.802734375,-0.0504150390625,0.0115966796875,-13.00048828125,11.260986328125,-25.7568359375
0.852294921875,-0.14697265625,-0.4124755859375,-18.585205078125,-14.190673828125,-18.00537109375
1.005126953125,-0.069580078125,-0.1300048828125,9.918212890625,31.097412109375,4.425048828125
0.6280517578125,0.06103515625,-0.2034912109375,-8.4228515625,27.191162109375,-10.467529296875
1.1153564453125,-0.0352783203125,-0.0858154296875,-1.15966796875,3.11279296875,3.570556640625
0.9920654296875,0.083251953125,-0.2830810546875,-16.66259765625,9.765625,17.39501953125
0.949951171875,-0.2762451171875,-0.1478271484375,-4.2724609375,-2.532958984375,-12.054443359375
0.8079833984375,0.142822265625,-0.101806640625,28.961181640625,2.38037109375,-18.5546875
1.0540771484375,0.00634765625,-0.2501220703125,-26.885986328125,8.11767578125,28.01513671875
0.9576416015625,-0.3480224609375,-0.1451416015625,5.615234375,-8.697509765625,-5.7373046875
1.1209716796875,0.206298828125,-0.0587158203125,37.53662109375,-9.27734375,-32.501220703125
1.0889892578125,0.1190185546875,-0.130859375,-9.857177734375,16.632080078125,14.984130859375
0.7945556640625,-0.2342529296875,-0.1844482421875,-5.859375,-11.810302734375,4.94384765625
0.9886474609375,0.0797119140625,-0.123779296875,25.360107421875,-8.48388671875,-23.101806640625
1.0582275390625,-0.0054931640625,-0.1082763671875,-9.185791015625,1.15966796875,6.927490234375
0.926513671875,0.0279541015625,-0.1356201171875,-17.974853515625,1.312255859375,22.796630859375
0.8011474609375,-0.3140869140625,-0.1336669921875,18.524169921875,-8.453369140625,-15.9912109375
1.3458251953125,0.1549072265625,-0.0540771484375,12.3291015625,15.80810546875,4.364013671875
0.85986328125,-0.0994873046875,-0.207275390625,-12.359619140625,-7.720947265625,9.429931640625
0.824951171875,-0.1939697265625,-0.166015625,19.989013671875,-4.486083984375,-19.8974609375
1.2066650390625,0.1824951171875,0.005126953125,16.448974609375,-2.01416015625,-4.8828125
1.0479736328125,0.0068359375,-0.172119140625,-25.2685546875,10.162353515625,18.218994140625
0.7469482421875,-0.343505859375,-0.23388671875,15.472412109375,-14.251708984375,-30.09033203125
1.289306640625,0.2567138671875,0.0548095703125,14.70947265625,2.532958984375,0.335693359375
0.8150634765625,-0.1561279296875,-0.2218017578125,-3.0517578125,-10.162353515625,6.591796875
0.816162109375,-0.172119140625,-0.215087890625,8.72802734375,-7.4462890625,-10.589599609375
1.2030029296875,0.162353515625,0.0213623046875,-0.091552734375,-3.662109375,5.889892578125
1.06640625,-0.001953125,-0.1522216796875,-15.869140625,0.457763671875,22.15576171875
0.7967529296875,-0.2791748046875,-0.236328125,1.007080078125,-11.627197265625,-2.166748046875
1.15673828125,0.17236328125,-0.0555419921875,-7.476806640625,1.77001953125,12.420654296875
1.0933837890625,-0.1123046875,-0.1541748046875,-18.49365234375,7.049560546875,13.18359375
0.9349365234375,-0.1851806640625,-0.160400390625,6.2255859375,-5.92041015625,-6.317138671875
1.1451416015625,0.138671875,-0.041259765625,0.091552734375,1.861572265625,-1.77001953125
0.825927734375,-0.052490234375,-0.1953125,-28.045654296875,-2.593994140625,6.622314453125
0.9189453125,-0.3355712890625,-0.1986083984375,-3.0517578125,-12.847900390625,-9.002685546875
1.159423828125,0.0216064453125,-0.0225830078125,15.869140625,-0.762939453125,-6.591796875
1.0255126953125,0.13330078125,-0.0970458984375,-29.327392578125,-1.3427734375,18.524169921875
0.8609619140625,-0.360595703125,-0.27099609375,-9.58251953125,-17.608642578125,-10.650634765625
1.3402099609375,-0.0828857421875,-0.0802001953125,10.80322265625,0.8544921875,16.143798828125
0.8419189453125,0.0609130859375,-0.090087890625,-5.2490234375,1.190185546875,8.72802734375
1.0438232421875,-0.0164794921875,-0.08056640625,-7.965087890625,-9.185791015625,-1.373291015625
1.15283203125,0.001220703125,-0.0341796875,-13.18359375,15.44189453125,6.195068359375
0.7398681640625,-0.36767578125,-0.169677734375,-20.599365234375,-23.406982421875,16.845703125
1.31787109375,-0.1483154296875,-0.0728759765625,15.960693359375,4.180908203125,-3.11279296875
0.8741455078125,0.3856201171875,-0.121826171875,-17.303466796875,27.130126953125,3.692626953125
0.93994140625,-0.387451171875,-0.206298828125,-44.097900390625,4.5166015625,19.622802734375
0.91796875,-0.1126708984375,-0.2198486328125,11.871337890625,-12.786865234375,-8.9111328125
1.1488037109375,0.0916748046875,0.1192626953125,-16.05224609375,15.9912109375,13.427734375
0.84912109375,-0.1395263671875,-0.2586669921875,-17.51708984375,-1.312255859375,1.312255859375
1.0064697265625,-0.1318359375,-0.052978515625,0.6103515625,1.15966796875,2.5634765625
1.021484375,-0.061767578125,-0.06689453125,-25.87890625,2.349853515625,-2.62451171875
1.0030517578125,-0.1650390625,-0.162109375,4.852294921875,14.34326171875,-14.95361328125
0.9234619140625,0.0230712890625,-0.0809326171875,-1.556396484375,5.37109375,0.823974609375
0.95654296875,-0.1865234375,-0.09521484375,-18.768310546875,-3.814697265625,11.505126953125
1.0279541015625,-0.2701416015625,-0.1273193359375,25.909423828125,-3.35693359375,-20.01953125
1.247314453125,0.31005859375,0.050537109375,2.74658203125,20.233154296875,4.669189453125
0.4998779296875,-0.4635009765625,-0.2989501953125,-17.578125,-16.571044921875,10.25390625
1.2718505859375,-0.164794921875,0.0435791015625,31.3720703125,-21.97265625,-20.44677734375
1.170654296875,0.440673828125,0.0543212890625,8.697509765625,27.03857421875,3.875732421875
0.5750732421875,-0.5413818359375,-0.3870849609375,-25.238037109375,-36.407470703125,5.31005859375
1.3602294921875,0.0201416015625,-0.1424560546875,39.764404296875,-16.6015625,-14.5263671875
1.0389404296875,0.3822021484375,0.253662109375,-0.91552734375,34.423828125,5.645751953125
0.76318359375,-0.3748779296875,-0.4083251953125,-16.082763671875,-12.51220703125,-2.777099609375
0.936279296875,0.0537109375,-0.0677490234375,34.11865234375,-0.67138671875,1.190185546875
1.2030029296875,0.2796630859375,0.3057861328125,7.232666015625,3.265380859375,27.130126953125
-0.0421142578125,-0.1827392578125,-0.0264892578125,17.76123046875,25.32958984375,101.1962890625
1.406494140625,-0.5628662109375,-0.0565185546875,-15.13671875,-51.513671875,-3.60107421875
1.355224609375,-0.2213134765625,-0.1336669921875,-75.286865234375,70.648193359375,-103.57666015625
0.1749267578125,0.4007568359375,0.4083251953125,50.96435546875,35.82763671875,-36.529541015625
0.8543701171875,-0.5284423828125,-0.500732421875,-47.91259765625,-11.77978515625,-31.646728515625
0.876953125,0.0003662109375,-0.0174560546875,65.97900390625,9.552001953125,-2.5634765625
0.90966796875,0.590576171875,0.376953125,-24.078369140625,-26.580810546875,-17.425537109375
1.1475830078125,-0.5537109375,-0.3785400390625,-34.3017578125,2.9296875,-6.256103515625
0.6563720703125,-0.2205810546875,-0.044921875,67.352294921875,-15.838623046875,24.59716796875
1.4072265625,0.025146484375,-0.168701171875,-10.7421875,-94.573974609375,-23.681640625
1.1778564453125,-0.0390625,-0.476318359375,46.0205078125,38.2080078125,21.91162109375
1.579833984375,-0.2005615234375,-0.1470947265625,-89.90478515625,3.35693359375,-70.953369140625
0.6529541015625,-0.093994140625,-0.35595703125,41.717529296875,-8.819580078125,-4.730224609375
1.09521484375,0.177490234375,0.0338134765625,9.246826171875,-7.232666015625,-14.434814453125
0.7791748046875,0.2322998046875,-0.012939453125,10.467529296875,-4.913330078125,10.650634765625
1.04345703125,-0.1751708984375,-0.0924072265625,-28.74755859375,17.242431640625,45.59326171875
1.5289306640625,-0.5557861328125,-0.0234375,-73.54736328125,-12.3291015625,-35.7666015625
-0.175048828125,0.3206787109375,-0.0062255859375,82.03125,-30.853271484375,26.031494140625
0.72705078125,-0.067138671875,0.0989990234375,-7.598876953125,8.36181640625,-38.360595703125
0.609375,0.176513671875,0.0823974609375,19.256591796875,35.46142578125,2.899169921875
0.9091796875,0.0887451171875,0.024658203125,-36.224365234375,-22.94921875,25.87890625
0.9632568359375,0.3758544921875,-0.3653564453125,38.26904296875,-88.9892578125,-73.2421875
0.3153076171875,0.236572265625,-0.2642822265625,49.957275390625,-3.326416015625,25.87890625
0.4119873046875,0.340087890625,0.0992431640625,-25.054931640625,-50.506591796875,53.863525390625
1.1298828125,-0.123779296875,-0.342041015625,-80.291748046875,-56.5185546875,73.089599609375
0.8658447265625,-0.1630859375,0.2491455078125,53.009033203125,-35.858154296875,-6.439208984375
1.1932373046875,0.4334716796875,-0.289306640625,-24.47509765625,-15.899658203125,24.139404296875
1.185791015625,-0.2950439453125,-0.2061767578125,-43.182373046875,11.1083984375,44.708251953125
0.51220703125,-0.4832763671875,-0.05859375,52.581787109375,15.045166015625,3.60107421875
1.0791015625,0.11328125,-0.0499267578125,20.721435546875,-12.542724609375,-8.60595703125
1.2308349609375,-0.3358154296875,-0.3033447265625,2.227783203125,30.670166015625,11.383056640625
0.5772705078125,-0.05224609375,-0.0198974609375,1.678466796875,-30.120849609375,-0.640869140625
1.081787109375,-0.13525390625,-0.1365966796875,36.9873046875,-21.636962890625,-17.120361328125
1.113037109375,0.0517578125,-0.0408935546875,31.463623046875,-9.246826171875,-7.415771484375
1.0592041015625,-0.0340576171875,-0.1822509765625,1.556396484375,-5.126953125,7.720947265625
0.86474609375,-0.03515625,-0.084228515625,-0.030517578125,-3.84521484375,-1.617431640625
1.0218505859375,-0.0889892578125,-0.0618896484375,11.474609375,-3.11279296875,5.7373046875
1.04150390625,-0.105224609375,-0.2391357421875,-10.43701171875,1.617431640625,6.16455078125
0.7950439453125,-0.1195068359375,-0.1846923828125,-13.641357421875,-17.669677734375,-2.838134765625
0.75830078125,-0.15283203125,0.0799560546875,25.81787109375,17.51708984375,-7.32421875
0.78369140625,-0.178466796875,-0.0513916015625,-7.8125,18.12744140625,5.584716796875
1.253662109375,-0.1676025390625,-0.150634765625,-23.681640625,8.6669921875,-21.942138671875
0.732177734375,0.0968017578125,-0.1173095703125,17.2119140625,-0.1220703125,-12.115478515625
1.1605224609375,0.0042724609375,-0.1094970703125,-20.8740234375,11.383056640625,-7.537841796875
0.76416015625,-0.4881591796875,-0.337646484375,15.56396484375,1.190185546875,-2.86865234375
0.967529296875,0.1002197265625,-0.032958984375,39.12353515625,-15.106201171875,-29.4189453125
1.2750244140625,0.1810302734375,0.000244140625,-16.143798828125,21.42333984375,2.410888671875
0.87060546875,-0.366943359375,-0.2874755859375,-9.58251953125,16.387939453125,7.62939453125
0.6363525390625,-0.2021484375,-0.217041015625,36.956787109375,-22.76611328125,-8.30078125
0.9365234375,0.24658203125,0.066650390625,25.0244140625,-20.904541015625,12.87841796875
1.67919921875,0.2508544921875,-0.4510498046875,1.251220703125,-77.972412109375,-7.87353515625
1.6976318359375,-0.4798583984375,-0.337646484375,37.90283203125,-15.106201171875,52.1240234375
1.9847412109375,-0.4857177734375,-0.515625,-106.536865234375,24.993896484375,-115.1123046875
0.077392578125,0.1346435546875,-0.1021728515625,44.830322265625,64.422607421875,16.265869140625
1.40869140625,-0.189208984375,0.0965576171875,-11.16943359375,-12.786865234375,-12.39013671875
0.7333984375,-0.095947265625,-0.5313720703125,10.772705078125,9.58251953125,-0.8544921875
0.751708984375,0.087646484375,-0.2039794921875,10.101318359375,-11.23046875,5.889892578125
1.2147216796875,0.049072265625,-0.1490478515625,22.735595703125,-26.885986328125,27.89306640625
0.2823486328125,-0.1861572265625,-0.2879638671875,69.610595703125,-5.0048828125,86.517333984375
1.5032958984375,0.080078125,-0.6611328125,9.521484375,-16.357421875,-53.863525390625
1.0263671875,0.097900390625,-0.050048828125,-19.47021484375,50.29296875,-43.670654296875
0.557861328125,-0.20263671875,-0.1641845703125,2.960205078125,9.979248046875,-12.481689453125
0.875732421875,0.0416259765625,-0.46923828125,-1.52587890625,0.42724609375,2.593994140625
0.747314453125,-0.1314697265625,0.130859375,59.661865234375,3.265380859375,17.059326171875
-0.002197265625,0.228515625,0.3734130859375,44.3115234375,-42.388916015625,41.259765625
1.3182373046875,-0.5936279296875,-0.603271484375,-41.839599609375,9.002685546875,-16.357421875
0.69287109375,-0.156494140625,-0.021240234375,-4.150390625,25.054931640625,-49.31640625
0.81494140625,0.0819091796875,0.0208740234375,25.238037109375,-8.758544921875,-20.050048828125
0.9119873046875,0.1651611328125,-0.0230712890625,26.7333984375,9.6435546875,17.822265625
0.9801025390625,-0.257080078125,-0.212890625,-9.490966796875,-31.005859375,-15.7470703125
1.1607666015625,-0.223388671875,-0.049072265625,39.276123046875,34.36279296875,-16.17431640625
0.7843017578125,-0.0465087890625,-0.09521484375,18.524169921875,-17.303466796875,-40.008544921875
1.0738525390625,0.453369140625,-0.582763671875,47.119140625,-28.839111328125,-65.185546875
1.106201171875,0.0001220703125,0.5604248046875,-61.21826171875,77.239990234375,78.9794921875
1.0030517578125,-0.2943115234375,-0.1749267578125,-35.888671875,-12.542724609375,12.786865234375
0.975830078125,-0.2041015625,-0.3265380859375,34.66796875,33.02001953125,9.185791015625
0.776611328125,0.1962890625,-0.24658203125,22.552490234375,-19.4091796875,-35.7666015625
0.9869384765625,-0.2733154296875,-0.1109619140625,50.048828125,41.3818359375,25.909423828125
1.0699462890625,-0.5267333984375,-0.028076171875,55.48095703125,-5.889892578125,-30.731201171875
0.9927978515625,0.8599853515625,0.0479736328125,60.638427734375,75.531005859375,-57.2509765625
0.81591796875,0.75537109375,0.3121337890625,-42.54150390625,31.829833984375,-10.43701171875
0.537109375,-0.4207763671875,-0.4442138671875,-0.42724609375,5.7373046875,-17.333984375
0.721435546875,-0.204345703125,0.07373046875,16.357421875,13.031005859375,-58.9599609375
1.018798828125,0.374755859375,0.1239013671875,20.20263671875,-15.13671875,-56.060791015625
0.79736328125,0.302978515625,0.2012939453125,-11.077880859375,16.265869140625,-6.500244140625
0.8802490234375,-0.632080078125,-0.1976318359375,-25.054931640625,-18.1884765625,-73.05908203125
1.127685546875,0.2952880859375,0.1578369140625,70.61767578125,-6.9580078125,-76.385498046875
1.0697021484375,0.96484375,0.095703125,-72.967529296875,-19.561767578125,-37.9638671875
1.0623779296875,0.01708984375,0.0009765625,-98.93798828125,-14.923095703125,-12.87841796875
1.013916015625,-0.534912109375,-0.486572265625,15.13671875,-6.561279296875,-30.1513671875
1.00830078125,0.1600341796875,0.16357421875,63.201904296875,20.263671875,-7.354736328125
1.0355224609375,0.279541015625,-0.05224609375,-24.383544921875,-15.228271484375,-8.148193359375
0.7127685546875,0.03955078125,-0.0047607421875,30.853271484375,7.080078125,-8.60595703125
1.2613525390625,0.32861328125,0.009765625,29.388427734375,-12.542724609375,-18.035888671875
0.7481689453125,0.39111328125,-0.2978515625,-16.66259765625,-8.85009765625,-6.378173828125
0.759033203125,0.0699462890625,0.0445556640625,5.523681640625,-11.1083984375,4.119873046875
1.205078125,0.3489990234375,0.014404296875,49.01123046875,-21.331787109375,-6.7138671875
0.7918701171875,0.6915283203125,-0.43017578125,26.4892578125,-16.387939453125,2.38037109375
0.709716796875,-0.305908203125,0.0428466796875,20.477294921875,-2.410888671875,-17.9443359375
1.0841064453125,0.618896484375,0.0447998046875,14.16015625,-14.34326171875,11.260986328125
1.0775146484375,0.116455078125,-0.1058349609375,2.410888671875,-14.007568359375,7.904052734375
0.9024658203125,0.189697265625,-0.1363525390625,-0.457763671875,8.85009765625,-5.06591796875
0.966552734375,0.25927734375,-0.066162109375,14.6484375,-20.5078125,-25.177001953125
1.141357421875,0.3447265625,0.0194091796875,-0.213623046875,-6.378173828125,-0.9765625
0.9183349609375,0.096435546875,-0.1573486328125,5.706787109375,-1.89208984375,-19.775390625
0.7454833984375,0.0367431640625,-0.1385498046875,27.64892578125,-12.75634765625,-34.820556640625
1.0281982421875,0.5418701171875,0.01904296875,30.82275390625,-7.171630859375,-28.167724609375
0.9078369140625,0.5538330078125,-0.087158203125,-12.75634765625,9.307861328125,4.57763671875
0.9537353515625,0.0753173828125,-0.181640625,-30.242919921875,-8.880615234375,3.2958984375
0.9984130859375,0.07470703125,-0.25048828125,42.510986328125,-29.205322265625,-31.982421875
0.9677734375,1.033203125,-0.0843505859375,82.58056640625,-8.056640625,-50.567626953125
0.596923828125,0.4732666015625,-0.2637939453125,-83.221435546875,-13.12255859375,-11.688232421875
0.7359619140625,-0.444580078125,-0.397216796875,14.2822265625,-54.443359375,-42.66357421875
1.1761474609375,0.9056396484375,-0.0682373046875,46.173095703125,-15.44189453125,-5.279541015625
1.2254638671875,0.361083984375,-0.130859375,2.38037109375,-13.3056640625,-14.434814453125
0.5875244140625,0.1065673828125,-0.2215576171875,-7.598876953125,-33.172607421875,-12.298583984375
1.09521484375,0.677490234375,-0.095458984375,-8.758544921875,-3.509521484375,23.193359375
0.8275146484375,0.3671875,-0.342529296875,-17.669677734375,-31.6162109375,32.28759765625
1.1422119140625,0.140380859375,0.0457763671875,-53.22265625,-20.660400390625,33.0810546875
1.0382080078125,0.1864013671875,-0.3087158203125,15.838623046875,-18.5546875,11.474609375
0.76904296875,0.5164794921875,-0.1754150390625,-15.80810546875,-33.782958984375,18.5546875
1.134033203125,0.1644287109375,-0.239501953125,-12.969970703125,-4.21142578125,-5.55419921875
0.7662353515625,0.1148681640625,-0.108154296875,16.2353515625,-27.923583984375,-16.29638671875
1.0904541015625,0.537353515625,-0.173828125,-3.448486328125,-2.899169921875,6.134033203125
1.402099609375,0.272705078125,-0.003173828125,-14.6484375,3.570556640625,-6.40869140625
0.594970703125,-0.009521484375,-0.4066162109375,30.517578125,-8.4228515625,-31.25
1.1871337890625,0.533447265625,-0.16015625,26.123046875,4.180908203125,6.7138671875
0.623046875,0.170654296875,-0.2427978515625,29.510498046875,-10.7421875,-12.51220703125
1.2694091796875,0.2216796875,-0.0531005859375,20.904541015625,37.078857421875,-22.125244140625
1.1162109375,0.3492431640625,-0.109375,0.8544921875,21.30126953125,6.744384765625
0.5703125,0.7830810546875,-0.219970703125,16.2353515625,-2.593994140625,5.767822265625
1.046142578125,-0.0272216796875,-0.30078125,-22.0947265625,12.14599609375,-27.740478515625
0.91259765625,0.220458984375,-0.0546875,24.35302734375,26.397705078125,-21.942138671875
                                                                                                                                                                                                                                                                                                                                                                                                                                                                                                                                                                                                                                                                                                                                                                                                                                                                                                                                                                                                                                                                                                                                                                                                                                                                                                                                                                                                                                                                                                                                                                                                                                                                                                                                                                                                                                                                                                                                                                                                                                                                                                                                                                                                                                                                                                                                                                                                                                                                                                                                                                                                                                                                                                                                                                                                                                                                                                                                                                                                                                                                                                                                                                                                                                                                                                                                                                                                                                                                                                                                                                                                                                                                                                                                                                                                                                         